10	adj	1
20	adj	1
30	adj	1
40	adj	1
50	adj	1
100	adj	1
150	adj	1
200	adj	1
250	adj	1
10	no	1
20	no	1
30	no	1
40	no	1
50	no	1
10	so	1
20	so	1
30	so	1
40	so	1
50	so	1
10	adj	2
20	adj	2
30	adj	2
40	adj	2
50	adj	2
100	adj	2
150	adj	2
200	adj	2
250	adj	2
10	no	2
20	no	2
30	no	2
40	no	2
50	no	2
10	so	2
20	so	2
30	so	2
40	so	2
50	so	2
10	adj	3
20	adj	3
30	adj	3
40	adj	3
50	adj	3
100	adj	3
150	adj	3
200	adj	3
250	adj	3
10	no	3
20	no	3
30	no	3
40	no	3
50	no	3
10	so	3
20	so	3
30	so	3
40	so	3
50	so	3
10	adj	4
20	adj	4
30	adj	4
40	adj	4
50	adj	4
100	adj	4
150	adj	4
200	adj	4
250	adj	4
10	no	4
20	no	4
30	no	4
40	no	4
50	no	4
10	so	4
20	so	4
30	so	4
40	so	4
50	so	4
10	adj	5
20	adj	5
30	adj	5
40	adj	5
50	adj	5
100	adj	5
150	adj	5
200	adj	5
250	adj	5
10	no	5
20	no	5
30	no	5
40	no	5
50	no	5
10	so	5
20	so	5
30	so	5
40	so	5
50	so	5
10	adj	6
20	adj	6
30	adj	6
40	adj	6
50	adj	6
100	adj	6
150	adj	6
200	adj	6
250	adj	6
10	no	6
20	no	6
30	no	6
40	no	6
50	no	6
10	so	6
20	so	6
30	so	6
40	so	6
50	so	6
10	adj	7
20	adj	7
30	adj	7
40	adj	7
50	adj	7
100	adj	7
150	adj	7
200	adj	7
250	adj	7
10	no	7
20	no	7
30	no	7
40	no	7
50	no	7
10	so	7
20	so	7
30	so	7
40	so	7
50	so	7
10	adj	8
20	adj	8
30	adj	8
40	adj	8
50	adj	8
100	adj	8
150	adj	8
200	adj	8
250	adj	8
10	no	8
20	no	8
30	no	8
40	no	8
50	no	8
10	so	8
20	so	8
30	so	8
40	so	8
50	so	8
10	adj	9
20	adj	9
30	adj	9
40	adj	9
50	adj	9
100	adj	9
150	adj	9
200	adj	9
250	adj	9
10	no	9
20	no	9
30	no	9
40	no	9
50	no	9
10	so	9
20	so	9
30	so	9
40	so	9
50	so	9
10	adj	10
20	adj	10
30	adj	10
40	adj	10
50	adj	10
100	adj	10
150	adj	10
200	adj	10
250	adj	10
10	no	10
20	no	10
30	no	10
40	no	10
50	no	10
10	so	10
20	so	10
30	so	10
40	so	10
50	so	10
10	adj	11
20	adj	11
30	adj	11
40	adj	11
50	adj	11
100	adj	11
150	adj	11
200	adj	11
250	adj	11
10	no	11
20	no	11
30	no	11
40	no	11
50	no	11
10	so	11
20	so	11
30	so	11
40	so	11
50	so	11
10	adj	12
20	adj	12
30	adj	12
40	adj	12
50	adj	12
100	adj	12
150	adj	12
200	adj	12
250	adj	12
10	no	12
20	no	12
30	no	12
40	no	12
50	no	12
10	so	12
20	so	12
30	so	12
40	so	12
50	so	12
10	adj	13
20	adj	13
30	adj	13
40	adj	13
50	adj	13
100	adj	13
150	adj	13
200	adj	13
250	adj	13
10	no	13
20	no	13
30	no	13
40	no	13
50	no	13
10	so	13
20	so	13
30	so	13
40	so	13
50	so	13
10	adj	14
20	adj	14
30	adj	14
40	adj	14
50	adj	14
100	adj	14
150	adj	14
200	adj	14
250	adj	14
10	no	14
20	no	14
30	no	14
40	no	14
50	no	14
10	so	14
20	so	14
30	so	14
40	so	14
50	so	14
10	adj	15
20	adj	15
30	adj	15
40	adj	15
50	adj	15
100	adj	15
150	adj	15
200	adj	15
250	adj	15
10	no	15
20	no	15
30	no	15
40	no	15
50	no	15
10	so	15
20	so	15
30	so	15
40	so	15
50	so	15
10	adj	16
20	adj	16
30	adj	16
40	adj	16
50	adj	16
100	adj	16
150	adj	16
200	adj	16
250	adj	16
10	no	16
20	no	16
30	no	16
40	no	16
50	no	16
10	so	16
20	so	16
30	so	16
40	so	16
50	so	16
10	adj	17
20	adj	17
30	adj	17
40	adj	17
50	adj	17
100	adj	17
150	adj	17
200	adj	17
250	adj	17
10	no	17
20	no	17
30	no	17
40	no	17
50	no	17
10	so	17
20	so	17
30	so	17
40	so	17
50	so	17
10	adj	18
20	adj	18
30	adj	18
40	adj	18
50	adj	18
100	adj	18
150	adj	18
200	adj	18
250	adj	18
10	no	18
20	no	18
30	no	18
40	no	18
50	no	18
10	so	18
20	so	18
30	so	18
40	so	18
50	so	18
10	adj	19
20	adj	19
30	adj	19
40	adj	19
50	adj	19
100	adj	19
150	adj	19
200	adj	19
250	adj	19
10	no	19
20	no	19
30	no	19
40	no	19
50	no	19
10	so	19
20	so	19
30	so	19
40	so	19
50	so	19
10	adj	20
20	adj	20
30	adj	20
40	adj	20
50	adj	20
100	adj	20
150	adj	20
200	adj	20
250	adj	20
10	no	20
20	no	20
30	no	20
40	no	20
50	no	20
10	so	20
20	so	20
30	so	20
40	so	20
50	so	20
10	adj	21
20	adj	21
30	adj	21
40	adj	21
50	adj	21
100	adj	21
150	adj	21
200	adj	21
250	adj	21
10	no	21
20	no	21
30	no	21
40	no	21
50	no	21
10	so	21
20	so	21
30	so	21
40	so	21
50	so	21
10	adj	22
20	adj	22
30	adj	22
40	adj	22
50	adj	22
100	adj	22
150	adj	22
200	adj	22
250	adj	22
10	no	22
20	no	22
30	no	22
40	no	22
50	no	22
10	so	22
20	so	22
30	so	22
40	so	22
50	so	22
10	adj	23
20	adj	23
30	adj	23
40	adj	23
50	adj	23
100	adj	23
150	adj	23
200	adj	23
250	adj	23
10	no	23
20	no	23
30	no	23
40	no	23
50	no	23
10	so	23
20	so	23
30	so	23
40	so	23
50	so	23
10	adj	24
20	adj	24
30	adj	24
40	adj	24
50	adj	24
100	adj	24
150	adj	24
200	adj	24
250	adj	24
10	no	24
20	no	24
30	no	24
40	no	24
50	no	24
10	so	24
20	so	24
30	so	24
40	so	24
50	so	24
10	adj	25
20	adj	25
30	adj	25
40	adj	25
50	adj	25
100	adj	25
150	adj	25
200	adj	25
250	adj	25
10	no	25
20	no	25
30	no	25
40	no	25
50	no	25
10	so	25
20	so	25
30	so	25
40	so	25
50	so	25
10	adj	26
20	adj	26
30	adj	26
40	adj	26
50	adj	26
100	adj	26
150	adj	26
200	adj	26
250	adj	26
10	no	26
20	no	26
30	no	26
40	no	26
50	no	26
10	so	26
20	so	26
30	so	26
40	so	26
50	so	26
10	adj	27
20	adj	27
30	adj	27
40	adj	27
50	adj	27
100	adj	27
150	adj	27
200	adj	27
250	adj	27
10	no	27
20	no	27
30	no	27
40	no	27
50	no	27
10	so	27
20	so	27
30	so	27
40	so	27
50	so	27
10	adj	28
20	adj	28
30	adj	28
40	adj	28
50	adj	28
100	adj	28
150	adj	28
200	adj	28
250	adj	28
10	no	28
20	no	28
30	no	28
40	no	28
50	no	28
10	so	28
20	so	28
30	so	28
40	so	28
50	so	28
10	adj	29
20	adj	29
30	adj	29
40	adj	29
50	adj	29
100	adj	29
150	adj	29
200	adj	29
250	adj	29
10	no	29
20	no	29
30	no	29
40	no	29
50	no	29
10	so	29
20	so	29
30	so	29
40	so	29
50	so	29
10	adj	30
20	adj	30
30	adj	30
40	adj	30
50	adj	30
100	adj	30
150	adj	30
200	adj	30
250	adj	30
10	no	30
20	no	30
30	no	30
40	no	30
50	no	30
10	so	30
20	so	30
30	so	30
40	so	30
50	so	30
10	adj	31
20	adj	31
30	adj	31
40	adj	31
50	adj	31
100	adj	31
150	adj	31
200	adj	31
250	adj	31
10	no	31
20	no	31
30	no	31
40	no	31
50	no	31
10	so	31
20	so	31
30	so	31
40	so	31
50	so	31
10	adj	32
20	adj	32
30	adj	32
40	adj	32
50	adj	32
100	adj	32
150	adj	32
200	adj	32
250	adj	32
10	no	32
20	no	32
30	no	32
40	no	32
50	no	32
10	so	32
20	so	32
30	so	32
40	so	32
50	so	32
10	adj	33
20	adj	33
30	adj	33
40	adj	33
50	adj	33
100	adj	33
150	adj	33
200	adj	33
250	adj	33
10	no	33
20	no	33
30	no	33
40	no	33
50	no	33
10	so	33
20	so	33
30	so	33
40	so	33
50	so	33
10	adj	34
20	adj	34
30	adj	34
40	adj	34
50	adj	34
100	adj	34
150	adj	34
200	adj	34
250	adj	34
10	no	34
20	no	34
30	no	34
40	no	34
50	no	34
10	so	34
20	so	34
30	so	34
40	so	34
50	so	34
10	adj	35
20	adj	35
30	adj	35
40	adj	35
50	adj	35
100	adj	35
150	adj	35
200	adj	35
250	adj	35
10	no	35
20	no	35
30	no	35
40	no	35
50	no	35
10	so	35
20	so	35
30	so	35
40	so	35
50	so	35
10	adj	36
20	adj	36
30	adj	36
40	adj	36
50	adj	36
100	adj	36
150	adj	36
200	adj	36
250	adj	36
10	no	36
20	no	36
30	no	36
40	no	36
50	no	36
10	so	36
20	so	36
30	so	36
40	so	36
50	so	36
10	adj	37
20	adj	37
30	adj	37
40	adj	37
50	adj	37
100	adj	37
150	adj	37
200	adj	37
250	adj	37
10	no	37
20	no	37
30	no	37
40	no	37
50	no	37
10	so	37
20	so	37
30	so	37
40	so	37
50	so	37
10	adj	38
20	adj	38
30	adj	38
40	adj	38
50	adj	38
100	adj	38
150	adj	38
200	adj	38
250	adj	38
10	no	38
20	no	38
30	no	38
40	no	38
50	no	38
10	so	38
20	so	38
30	so	38
40	so	38
50	so	38
10	adj	39
20	adj	39
30	adj	39
40	adj	39
50	adj	39
100	adj	39
150	adj	39
200	adj	39
250	adj	39
10	no	39
20	no	39
30	no	39
40	no	39
50	no	39
10	so	39
20	so	39
30	so	39
40	so	39
50	so	39
10	adj	40
20	adj	40
30	adj	40
40	adj	40
50	adj	40
100	adj	40
150	adj	40
200	adj	40
250	adj	40
10	no	40
20	no	40
30	no	40
40	no	40
50	no	40
10	so	40
20	so	40
30	so	40
40	so	40
50	so	40
10	adj	41
20	adj	41
30	adj	41
40	adj	41
50	adj	41
100	adj	41
150	adj	41
200	adj	41
250	adj	41
10	no	41
20	no	41
30	no	41
40	no	41
50	no	41
10	so	41
20	so	41
30	so	41
40	so	41
50	so	41
10	adj	42
20	adj	42
30	adj	42
40	adj	42
50	adj	42
100	adj	42
150	adj	42
200	adj	42
250	adj	42
10	no	42
20	no	42
30	no	42
40	no	42
50	no	42
10	so	42
20	so	42
30	so	42
40	so	42
50	so	42
10	adj	43
20	adj	43
30	adj	43
40	adj	43
50	adj	43
100	adj	43
150	adj	43
200	adj	43
250	adj	43
10	no	43
20	no	43
30	no	43
40	no	43
50	no	43
10	so	43
20	so	43
30	so	43
40	so	43
50	so	43
10	adj	44
20	adj	44
30	adj	44
40	adj	44
50	adj	44
100	adj	44
150	adj	44
200	adj	44
250	adj	44
10	no	44
20	no	44
30	no	44
40	no	44
50	no	44
10	so	44
20	so	44
30	so	44
40	so	44
50	so	44
10	adj	45
20	adj	45
30	adj	45
40	adj	45
50	adj	45
100	adj	45
150	adj	45
200	adj	45
250	adj	45
10	no	45
20	no	45
30	no	45
40	no	45
50	no	45
10	so	45
20	so	45
30	so	45
40	so	45
50	so	45
10	adj	46
20	adj	46
30	adj	46
40	adj	46
50	adj	46
100	adj	46
150	adj	46
200	adj	46
250	adj	46
10	no	46
20	no	46
30	no	46
40	no	46
50	no	46
10	so	46
20	so	46
30	so	46
40	so	46
50	so	46
10	adj	47
20	adj	47
30	adj	47
40	adj	47
50	adj	47
100	adj	47
150	adj	47
200	adj	47
250	adj	47
10	no	47
20	no	47
30	no	47
40	no	47
50	no	47
10	so	47
20	so	47
30	so	47
40	so	47
50	so	47
10	adj	48
20	adj	48
30	adj	48
40	adj	48
50	adj	48
100	adj	48
150	adj	48
200	adj	48
250	adj	48
10	no	48
20	no	48
30	no	48
40	no	48
50	no	48
10	so	48
20	so	48
30	so	48
40	so	48
50	so	48
10	adj	49
20	adj	49
30	adj	49
40	adj	49
50	adj	49
100	adj	49
150	adj	49
200	adj	49
250	adj	49
10	no	49
20	no	49
30	no	49
40	no	49
50	no	49
10	so	49
20	so	49
30	so	49
40	so	49
50	so	49
10	adj	50
20	adj	50
30	adj	50
40	adj	50
50	adj	50
100	adj	50
150	adj	50
200	adj	50
250	adj	50
10	no	50
20	no	50
30	no	50
40	no	50
50	no	50
10	so	50
20	so	50
30	so	50
40	so	50
50	so	50
